{"cameraMode":{"drawMode":0,"name":"Shaded","section":"Shading Mode"},"sceneLighting":true,"audioPlay":false,"sceneViewState":{"showFog":true,"showMaterialUpdate":true,"showSkybox":true,"showFlares":true,"showImageEffects":true,"showParticleSystems":true},"in2DMode":false,"pivot":{"x":-31.900001525878908,"y":0.10000000149011612,"z":59.09999465942383},"rotation":{"x":-0.003769326489418745,"y":0.9293613433837891,"z":-0.36904576420783999,"w":-0.009482108056545258},"size":527.261962890625,"orthographic":false}