{"cameraMode":{"drawMode":0,"name":"Shaded","section":"Shading Mode"},"sceneLighting":true,"audioPlay":false,"sceneViewState":{"showFog":true,"showMaterialUpdate":true,"showSkybox":true,"showFlares":true,"showImageEffects":true,"showParticleSystems":true},"in2DMode":false,"pivot":{"x":10.44644546508789,"y":-43.82455062866211,"z":11.29135799407959},"rotation":{"x":-0.003769326489418745,"y":0.9293613433837891,"z":-0.36904576420783999,"w":-0.009482108056545258},"size":4.07670259475708,"orthographic":false}