{"cameraMode":{"drawMode":0,"name":"Shaded","section":"Shading Mode"},"sceneLighting":true,"audioPlay":false,"sceneViewState":{"showFog":true,"showMaterialUpdate":true,"showSkybox":true,"showFlares":true,"showImageEffects":true,"showParticleSystems":true},"in2DMode":false,"pivot":{"x":-60.95875549316406,"y":0.614999532699585,"z":48.42673873901367},"rotation":{"x":0.318776398897171,"y":0.6271741390228272,"z":-0.3134790360927582,"w":0.6378036141395569},"size":2.35667085647583,"orthographic":false}